axis,explained_variance
PCoA1,0.5440309684057983
PCoA2,0.22443412968907223
PCoA3,0.20879706191558947
PCoA4,0.022737839989539852
