Trajectory_cluster,OPR_FeP,FeII,NH4_NO3_Ratio,NaHCO3_P,DOC,log_nosZ_norB_Ratio
Weak / delayed response,0.5847770475977216,0.23512400995321578,-0.14790577516484577,0.14595331512672965,-0.07198696469845493,0.48825697108336497
Mixed response,-0.5647656767000336,-0.07105261015739223,0.2274686163087165,0.4155194293046446,0.10664597030250436,-0.4638056589646402
Early promotion / switching,-0.26369637279225955,-0.2771287038939351,0.2852318258430494,-0.7283232402177185,0.12058679263533233,-0.32500653029091986
Consistent promotion,-0.9093109746770629,-0.49525014001886414,-0.3851655142500794,-0.5978793358404136,-0.14436848195144483,-0.5970578652549544
