test,variable,statistic,p
Kruskal-Wallis,OPR_FeP,17.13886611727142,0.000661752772045196
Kruskal-Wallis,FeII,2.501402252232822,0.47503771826702024
Kruskal-Wallis,NH4_NO3_Ratio,1.5105621952798174,0.6798347355441305
Kruskal-Wallis,NaHCO3_P,10.23459464123917,0.016673728616108493
Kruskal-Wallis,DOC,1.3461750873711082,0.7181986292057874
Kruskal-Wallis,log_nosZ_norB_Ratio,9.422884756439572,0.02416604768531643
